strategy,model,threshold,cal_accuracy,cal_recall,cal_f1,test_accuracy,test_recall,test_f1,test_precision,test_auc,test_min_acc_rec_f1,meets_0_90_all,n_features,blend_members,blend_weights
S1_highcol_interactions,LR_bal,0.485,0.6897488119484046,0.7635154259835834,0.7024739583333334,0.6868295994568907,0.7587036512878573,0.6991848712096511,0.6483250695368243,0.7578896736821392,0.6868295994568907,False,43,,
S1_highcol_interactions,RF_bal,0.5,0.688662593346911,0.7408717803566374,0.695403825717322,0.6879158180583842,0.7377582790829323,0.6940025294548359,0.6551464119643081,0.7582388826318156,0.6879158180583842,False,43,,
S1_highcol_interactions,XGB_bal,0.505,0.691785471826205,0.7533257854514577,0.7010404319768208,0.6926001357773252,0.7519105575997735,0.7012010030355021,0.6568991097922848,0.7632234244436736,0.6926001357773252,False,43,,
S1_highcol_interactions,LGBM_bal,0.505,0.6908350305498981,0.7449759411265213,0.6980506564116165,0.688662593346911,0.7422870082083215,0.6958079066065269,0.6548064918851436,0.7609658368723878,0.688662593346911,False,43,,
S1_highcol_interactions,CAT_bal,0.52,0.6930753564154786,0.7349278233795641,0.6967196619038036,0.693346911065852,0.7336541183130484,0.6965401410816258,0.6630003836807776,0.7647884847430165,0.693346911065852,False,43,,
S2_transform_copies,LR_bal,0.475,0.6926001357773252,0.7615341069912256,0.7038587311968607,0.6879837067209776,0.7544579677328049,0.6987809673613842,0.6507568359375,0.7569956093959312,0.6879837067209776,False,82,,
S2_transform_copies,RF_bal,0.465,0.6858112695179905,0.7928106425134447,0.7076806467913087,0.6859470468431772,0.793942824794792,0.7080651268458917,0.6389521640091116,0.7561475621740027,0.6859470468431772,False,82,,
S2_transform_copies,XGB_bal,0.52,0.6923285811269518,0.731106708180017,0.6951022604951561,0.6923964697895452,0.7302575714690065,0.6949027001548718,0.6628131021194605,0.7643540555880227,0.6923964697895452,False,82,,
S2_transform_copies,LGBM_bal,0.52,0.6906313645621182,0.7228983866402491,0.6915318486427943,0.6877800407331975,0.7176620435890179,0.688013024896547,0.6607166123778502,0.7617402420187354,0.6877800407331975,False,82,,
S2_transform_copies,CAT_bal,0.515,0.693550577053632,0.7441268044155109,0.6996673320026613,0.6938900203665987,0.7428530993489952,0.6995402145665356,0.6609998740712757,0.765381960838075,0.6938900203665987,False,82,,
S3_domain_aggregates,LR_bal,0.48,0.6908350305498981,0.7533257854514577,0.7003947368421053,0.6876442634080109,0.747240305689216,0.6965239759910297,0.6522544780728845,0.7566983266038607,0.6876442634080109,False,42,,
S3_domain_aggregates,RF_bal,0.5,0.6871690427698575,0.7354939145202377,0.6928409545393948,0.6881873727087576,0.7414378714973111,0.6952425187446089,0.6544659587757652,0.7567337626979029,0.6881873727087576,False,42,,
S3_domain_aggregates,XGB_bal,0.485,0.6914460285132383,0.7807812057741297,0.7082611207394569,0.6912423625254582,0.7796490234927823,0.707824746241809,0.6481176470588236,0.7636220666522091,0.6912423625254582,False,42,,
S3_domain_aggregates,LGBM_bal,0.49,0.6885268160217244,0.7656382677611095,0.702232606438214,0.686897488119484,0.7632323804132465,0.7004805818937524,0.6472635621699472,0.7624323815064288,0.686897488119484,False,42,,
S3_domain_aggregates,CAT_bal,0.5,0.6926001357773252,0.7659213133314464,0.7050547159979156,0.693346911065852,0.7649306538352675,0.7052913159783388,0.6542791429609006,0.765403547494633,0.693346911065852,False,42,,
S4_probability_blend,blend_dirichlet_search,0.515,,,,0.6942294636795655,0.7427115765638268,0.6997333333333333,0.6614570204184522,0.76550627338893,0.6942294636795655,False,37,"['S1_highcol_interactions', 'S2_transform_copies', 'S3_domain_aggregates']","{'S1_highcol_interactions': 0.44968500036540143, 'S2_transform_copies': 0.5315595977823262, 'S3_domain_aggregates': 0.018755401852272428}"
S5_combined_top2_features,LR_bal,0.475,0.6902919212491514,0.7786583639966035,0.7069253501220609,0.6854718262050238,0.7707330880271723,0.7015780998389693,0.6438113252157466,0.7578643384445022,0.6854718262050238,False,88,,
S5_combined_top2_features,RF_bal,0.46,0.6854039375424305,0.7980469855646759,0.7087732528909,0.6837746096401901,0.7964902349278233,0.7073017468895312,0.6360759493670886,0.7561670437160635,0.6837746096401901,False,88,,
S5_combined_top2_features,XGB_bal,0.525,0.691581805838425,0.7213416360033965,0.6917283029110403,0.6928716904276986,0.7236060005660911,0.6932881355932203,0.6654086413326392,0.7639596513073573,0.6928716904276986,False,88,,
S5_combined_top2_features,LGBM_bal,0.52,0.6904276985743381,0.7228983866402491,0.691391445587439,0.6883910386965377,0.7216246815737334,0.6896131998918041,0.6603211603211603,0.7616246823123699,0.6883910386965377,False,88,,
S5_combined_top2_features,CAT_bal,0.525,0.6923964697895452,0.7240305689215963,0.6930840615051141,0.6947046843177189,0.7261534106991225,0.6953045599295345,0.6669699727024567,0.7651332988045313,0.6947046843177189,False,88,,
S6_lowcol_interactions,LR_bal,0.47,0.6884589273591311,0.7841777526181716,0.7071661029927893,0.6854718262050238,0.777809227285593,0.703488,0.6421310900806169,0.7577517886825499,0.6854718262050238,False,73,,
S6_lowcol_interactions,RF_bal,0.47,0.6871690427698575,0.7829040475516558,0.7059724349157733,0.6873048200950441,0.7836116614774978,0.70625,0.6427908056651962,0.7567636220851182,0.6873048200950441,False,73,,
S6_lowcol_interactions,XGB_bal,0.515,0.6909029192124915,0.7381828474384375,0.6961628294961628,0.6907671418873048,0.7360600056609115,0.6954603195828041,0.6591053098466607,0.7625656223279819,0.6907671418873048,False,73,,
S6_lowcol_interactions,LGBM_bal,0.49,0.6891378139850645,0.7621001981318992,0.7016743761808587,0.6899524779361846,0.7629493348429097,0.7024561860707538,0.6508511408909815,0.7614209109221909,0.6899524779361846,False,73,,
S6_lowcol_interactions,CAT_bal,0.515,0.6918533604887984,0.740730257571469,0.6975411474645166,0.6948404616429056,0.7418624398528163,0.6999132118298952,0.6624541893087325,0.7646735159459837,0.6948404616429056,False,73,,
S7_pairwise_top20_products,LR_bal,0.525,0.6926680244399185,0.7343617322388905,0.6962764173096276,0.6911065852002716,0.7336541183130484,0.6949993296688565,0.6602139582272033,0.7619706597266335,0.6911065852002716,False,227,,
S7_pairwise_top20_products,RF_bal,0.49,0.6872369314324508,0.7579960373620153,0.6992623539395522,0.6858791581805839,0.7534673082366261,0.6970867430441898,0.6485564624192959,0.755515012199323,0.6858791581805839,False,227,,
S7_pairwise_top20_products,XGB_bal,0.525,0.6909708078750849,0.7212001132182282,0.6912642430819317,0.6898845892735913,0.7161052929521653,0.6889978213507625,0.663867751246392,0.761947918950285,0.6889978213507625,False,227,,
S7_pairwise_top20_products,LGBM_bal,0.52,0.6872369314324508,0.717378998018681,0.6875551034248898,0.6887304820095044,0.7179450891593546,0.6887516122462833,0.6618395303326811,0.7605098395267524,0.6887304820095044,False,227,,
S7_pairwise_top20_products,CAT_bal,0.505,0.6926001357773252,0.7558731955844891,0.7023011176857331,0.6929395790902919,0.7521936031701104,0.7015112518973141,0.6572276493137134,0.7630866289331664,0.6929395790902919,False,227,,
S8_mutual_info_k15,LR_bal,0.495,0.681602172437203,0.7175205208038494,0.6837491571139582,0.6785471826205024,0.7162468157373337,0.6812950124520428,0.6495956873315364,0.7481772662997908,0.6785471826205024,False,15,,
S8_mutual_info_k15,RF_bal,0.5,0.6752206381534284,0.7122841777526182,0.6778451178451178,0.6809911744738628,0.7203509765072177,0.6841857651723906,0.6514783053884552,0.7481101426927856,0.6809911744738628,False,15,,
S8_mutual_info_k15,XGB_bal,0.52,0.6826883910386965,0.7107274271157656,0.682429677945373,0.6797012898845892,0.7074724030568922,0.6793965751562925,0.6534640522875818,0.7509850550904771,0.6793965751562925,False,15,,
S8_mutual_info_k15,LGBM_bal,0.5,0.6816700610997963,0.7350693461647325,0.6889964847118127,0.6790224032586558,0.7320973676761958,0.686347353058246,0.6459790209790209,0.747289055709159,0.6790224032586558,False,15,,
S8_mutual_info_k15,CAT_bal,0.51,0.6822131704005431,0.7257288423436173,0.6866171252594229,0.6792260692464358,0.7251627512029437,0.6844319775596073,0.6480333881370938,0.7515408699485376,0.6792260692464358,False,15,,
S8_mutual_info_k20,LR_bal,0.495,0.681805838424983,0.7179450891593546,0.6840153711319356,0.6791581805838425,0.7163883385225022,0.6817508417508418,0.6503083247687564,0.7483148189128805,0.6791581805838425,False,20,,
S8_mutual_info_k20,RF_bal,0.505,0.6766463000678886,0.7063402207755448,0.6769752458460495,0.6826205023761032,0.7151146334559864,0.6837155808132062,0.6549578742709008,0.7483599773120361,0.6826205023761032,False,20,,
S8_mutual_info_k20,XGB_bal,0.49,0.6825526137135098,0.7537503538069629,0.694937369519833,0.6795655125594026,0.7537503538069629,0.6929482175383814,0.6412232121358055,0.7504645839968753,0.6795655125594026,False,20,,
S8_mutual_info_k20,LGBM_bal,0.515,0.6813985064494229,0.7128502688932918,0.6821967901401774,0.6786150712830957,0.7091706764789131,0.6791813499593385,0.6516254876462939,0.7466669205114675,0.6786150712830957,False,20,,
S8_mutual_info_k20,CAT_bal,0.52,0.6834351663272233,0.714973110670818,0.68422834698991,0.6803801765105227,0.7104443815454288,0.6807702739354489,0.6534756573808904,0.7519388658499906,0.6803801765105227,False,20,,
S8_mutual_info_k25,LR_bal,0.49,0.6822131704005431,0.7254457967732805,0.6865331815442309,0.6783435166327223,0.7207755448627229,0.6825247922808898,0.6481292949860016,0.7485530292376028,0.6783435166327223,False,25,,
S8_mutual_info_k25,RF_bal,0.49,0.6773930753564155,0.7264364562694594,0.6835797043547742,0.6804480651731161,0.7356354373054061,0.6883400648877707,0.6467587408236904,0.7486829461941599,0.6804480651731161,False,25,,
S8_mutual_info_k25,XGB_bal,0.515,0.6841140529531569,0.7158222473818284,0.6849482023156612,0.6817379497623897,0.7172374752335126,0.6837560712358338,0.6532611497808714,0.7522870314753765,0.6817379497623897,False,25,,
S8_mutual_info_k25,LGBM_bal,0.51,0.681805838424983,0.7148315878856496,0.683075258638177,0.6795655125594026,0.7153976790263232,0.681726230613621,0.6510819165378671,0.7502655952791071,0.6795655125594026,False,25,,
S8_mutual_info_k25,CAT_bal,0.52,0.6832993890020367,0.7124257005377865,0.6833638770107922,0.6835030549898167,0.7165298613076705,0.6847443873410873,0.6556591556591557,0.7534647414742124,0.6835030549898167,False,25,,
S8_mutual_info_k30,LR_bal,0.48,0.6908350305498981,0.7537503538069629,0.7005129554123373,0.6860828241683639,0.7452589866968582,0.6949063077329111,0.6509270704573548,0.7568308749535397,0.6860828241683639,False,30,,
S8_mutual_info_k30,RF_bal,0.495,0.686897488119484,0.7454005094820266,0.6954971609665919,0.688255261371351,0.7451174639116898,0.6963364634307632,0.6535501489572989,0.7582297974008262,0.688255261371351,False,30,,
S8_mutual_info_k30,XGB_bal,0.5,0.693143245078072,0.761675629776394,0.7042658989793248,0.691581805838425,0.7579960373620153,0.7021960013110455,0.65404811332275,0.7636399047276883,0.691581805838425,False,30,,
S8_mutual_info_k30,LGBM_bal,0.51,0.6909708078750849,0.7371921879422587,0.6959251837007348,0.6896809232858113,0.7330880271723748,0.6938584153774027,0.6586141131595677,0.7626556898364187,0.6896809232858113,False,30,,
S8_mutual_info_k30,CAT_bal,0.525,0.6926001357773252,0.72459666006227,0.6933911159263272,0.693346911065852,0.7234644777809227,0.6935757411301812,0.6660586319218241,0.7647923810514287,0.693346911065852,False,30,,
S8_mutual_info_k35,LR_bal,0.475,0.6908350305498981,0.7613925842060572,0.7026250489747943,0.6870332654446707,0.7526181715256156,0.6976256067165159,0.6501222493887531,0.7568317797834553,0.6870332654446707,False,35,,
S8_mutual_info_k35,RF_bal,0.49,0.6869653767820774,0.7558731955844891,0.6984895050022887,0.6877121520706042,0.7561562411548259,0.6990710454010205,0.65,0.7583594096697586,0.6877121520706042,False,35,,
S8_mutual_info_k35,XGB_bal,0.495,0.6926001357773252,0.7691763373903199,0.7059358358228341,0.6930753564154786,0.7673365411831304,0.7057598438008461,0.6533317267140619,0.7643980967992214,0.6930753564154786,False,35,,
S8_mutual_info_k35,LGBM_bal,0.49,0.6910386965376782,0.7659213133314464,0.704,0.6883910386965377,0.7604019247098783,0.7007042253521126,0.6496977025392987,0.7614819777085363,0.6883910386965377,False,35,,
S8_mutual_info_k35,CAT_bal,0.52,0.6919891378139851,0.7337956410982168,0.6956463406453344,0.6930074677528852,0.7336541183130484,0.6963062458025521,0.6625766871165644,0.765042446494637,0.6930074677528852,False,35,,
S8_mutual_info_k37,LR_bal,0.475,0.6908350305498981,0.7613925842060572,0.7026250489747943,0.6868295994568907,0.7523351259552788,0.6974089865529682,0.6499572074825773,0.7568393138774467,0.6868295994568907,False,37,,
S8_mutual_info_k37,RF_bal,0.49,0.686490156143924,0.7555901500141523,0.6980910041841004,0.6887304820095044,0.7555901500141523,0.6996003406931796,0.6513358545809442,0.7582974749853307,0.6887304820095044,False,37,,
S8_mutual_info_k37,XGB_bal,0.515,0.6923285811269518,0.7397395980752901,0.6975844121179767,0.6926680244399185,0.7378998018681008,0.6972918756268807,0.6609202687286094,0.7639343437685951,0.6926680244399185,False,37,,
S8_mutual_info_k37,LGBM_bal,0.49,0.6893414799728446,0.7643645626945939,0.7024320457796852,0.6890699253224711,0.7613925842060572,0.7014341590612777,0.6502296350012086,0.7615260373856516,0.6890699253224711,False,37,,
S8_mutual_info_k37,CAT_bal,0.52,0.6936863543788188,0.7346447778092273,0.6970592184772392,0.6938900203665987,0.7340786866685536,0.6970368877242491,0.6635537930152232,0.7653090389332431,0.6938900203665987,False,37,,
S9a_L1_C0.01,LR_bal,0.5,0.6901561439239647,0.7258703651287858,0.6920793415193631,0.6862186014935506,0.7169544296631758,0.6867290226379287,0.6589490114464099,0.7567410198031445,0.6862186014935506,False,15,,
S9a_L1_C0.01,RF_bal,0.485,0.6881873727087576,0.7639399943390885,0.7015400610825915,0.686897488119484,0.7596943107840363,0.6995048214751107,0.6481526201400628,0.7583361795466189,0.686897488119484,False,15,,
S9a_L1_C0.01,XGB_bal,0.525,0.691785471826205,0.7241720917067648,0.6927033978611074,0.6934147997284453,0.7224738182847439,0.6933315224772512,0.6664490861618799,0.7643367253252512,0.6933315224772512,False,15,,
S9a_L1_C0.01,LGBM_bal,0.49,0.6889341479972845,0.7643645626945939,0.7021580863234529,0.6908350305498981,0.7666289272572884,0.7040551078762672,0.6509252583513578,0.7626035420878127,0.6908350305498981,False,15,,
S9a_L1_C0.01,CAT_bal,0.525,0.6922606924643585,0.7247381828474384,0.6931979695431472,0.6938900203665987,0.7247381828474384,0.6943258084197681,0.666363044892648,0.765349220767863,0.6938900203665987,False,15,,
S9a_L1_C0.05,LR_bal,0.475,0.6909708078750849,0.7611095386357204,0.7026391429318004,0.686897488119484,0.7524766487404472,0.6974944247671521,0.65,0.7568679360482465,0.686897488119484,False,30,,
S9a_L1_C0.05,RF_bal,0.51,0.6855397148676171,0.7204924992923861,0.6873228027541515,0.6866259334691106,0.7226153410699122,0.6886970596169409,0.6578201494460191,0.7584163770226088,0.6866259334691106,False,30,,
S9a_L1_C0.05,XGB_bal,0.485,0.6923285811269518,0.7797905462779507,0.7085905349794238,0.6913781398506449,0.7804981602037928,0.70814072932717,0.6480611045828437,0.7646328909293645,0.6913781398506449,False,30,,
S9a_L1_C0.05,LGBM_bal,0.52,0.6915139171758317,0.72459666006227,0.6926406926406926,0.6898845892735913,0.7210585904330598,0.6904729638162352,0.6623764950598023,0.7627101642905217,0.6898845892735913,False,30,,
S9a_L1_C0.05,CAT_bal,0.51,0.6947725729803123,0.7513444664590999,0.7025274579859733,0.6937542430414121,0.7507783753184263,0.7016731697639045,0.6585971446306642,0.7654330006316821,0.6937542430414121,False,30,,
S9a_L1_C0.1,LR_bal,0.475,0.6911065852002716,0.7613925842060572,0.7028086218158066,0.6867617107942974,0.7521936031701104,0.6973235371293623,0.6499144044998777,0.7568540127470962,0.6867617107942974,False,32,,
S9a_L1_C0.1,RF_bal,0.49,0.6878479293957909,0.7553071044438154,0.6989261393399686,0.6881194840461643,0.755165581658647,0.699069828376785,0.6507317073170732,0.758096898198731,0.6881194840461643,False,32,,
S9a_L1_C0.1,XGB_bal,0.525,0.6934147997284453,0.72459666006227,0.6939550013553809,0.6948404616429056,0.7244551372771016,0.6949025996063259,0.6676666231902961,0.7643646919560103,0.6948404616429056,False,32,,
S9a_L1_C0.1,LGBM_bal,0.5,0.6905634758995248,0.7509198981035947,0.699538562953197,0.6901561439239647,0.750353806962921,0.6991033755274262,0.6544063194273019,0.7626056841341435,0.6901561439239647,False,32,,
S9a_L1_C0.1,CAT_bal,0.51,0.6932790224032587,0.7504953297480894,0.7012695054218461,0.6924643584521385,0.7500707613925842,0.7005948446794448,0.6572420634920635,0.7652992519974213,0.6924643584521385,False,32,,
S9a_L1_C0.5,LR_bal,0.475,0.6909029192124915,0.7619586753467308,0.7028261862802689,0.6866259334691106,0.7526181715256156,0.6973511670600577,0.6496457366235036,0.7568686377530791,0.6866259334691106,False,34,,
S9a_L1_C0.5,RF_bal,0.495,0.6887304820095044,0.7476648740447212,0.6973797109101709,0.6877800407331975,0.748938579111237,0.6970954356846473,0.6519650117038315,0.7574664441055908,0.6877800407331975,False,34,,
S9a_L1_C0.5,XGB_bal,0.49,0.6917175831636116,0.77540333993773,0.7070133557003677,0.6921249151391717,0.7749787715822247,0.7071737586362756,0.6502790642441515,0.7645817495732157,0.6921249151391717,False,34,,
S9a_L1_C0.5,LGBM_bal,0.475,0.6906313645621182,0.7881403906028871,0.7096527556546671,0.688051595383571,0.7823379564109821,0.7064085361957703,0.6439138031450203,0.7624723602159655,0.688051595383571,False,34,,
S9a_L1_C0.5,CAT_bal,0.515,0.6938221317040054,0.7427115765638268,0.6994535519125683,0.6945010183299389,0.7442683272006793,0.7003595685177787,0.6613430583501007,0.7652629480052968,0.6945010183299389,False,34,,
S9b_RF_importance_k15,LR_bal,0.5,0.6832993890020367,0.7127087461081234,0.683449820180498,0.6789545145960625,0.7081800169827343,0.6791070095677546,0.6523269456394212,0.747990114234592,0.6789545145960625,False,15,,
S9b_RF_importance_k15,RF_bal,0.49,0.6776646300067889,0.7264364562694594,0.6837618222991875,0.6822810590631364,0.7362015284460798,0.6897374701670644,0.6487902220004989,0.7495214742360577,0.6822810590631364,False,15,,
S9b_RF_importance_k15,XGB_bal,0.515,0.6831636116768499,0.7159637701669969,0.6843422387554954,0.6838424983027834,0.7195018397962072,0.6858684654300169,0.6552390772006702,0.7537068850391802,0.6838424983027834,False,15,,
S9b_RF_importance_k15,LGBM_bal,0.505,0.6806517311608962,0.7224738182847439,0.6845916588440392,0.6794297352342159,0.7203509765072177,0.6831297812374177,0.6495661051556917,0.751493394076843,0.6794297352342159,False,15,,
S9b_RF_importance_k15,CAT_bal,0.515,0.6806517311608962,0.7148315878856496,0.6822909631230583,0.6823489477257298,0.7182281347296915,0.6844696203385259,0.6537421100090172,0.7534524616396434,0.6823489477257298,False,15,,
S9b_RF_importance_k20,LR_bal,0.49,0.6822810590631364,0.7251627512029437,0.6864951768488746,0.6788866259334692,0.7220492499292386,0.6832730681665997,0.6484494153533299,0.7480675233571688,0.6788866259334692,False,20,,
S9b_RF_importance_k20,RF_bal,0.5,0.6775288526816021,0.7086045853382394,0.6782714711460309,0.678071961982349,0.7163883385225022,0.6810170859679806,0.648974358974359,0.7480713827337475,0.678071961982349,False,20,,
S9b_RF_importance_k20,XGB_bal,0.515,0.6826883910386965,0.7163883385225022,0.684146506284633,0.6818737270875763,0.7192187942258703,0.6844444444444444,0.6528776978417267,0.7524427730163616,0.6818737270875763,False,20,,
S9b_RF_importance_k20,LGBM_bal,0.495,0.6805838424983028,0.73351259552788,0.6878110278017384,0.6793618465716226,0.7357769600905746,0.6876529330070763,0.6454376163873371,0.7498189232213777,0.6793618465716226,False,20,,
S9b_RF_importance_k20,CAT_bal,0.52,0.6830957230142566,0.7114350410416077,0.682923515826654,0.6845892735913103,0.7151146334559864,0.6850596529284165,0.6574290918553214,0.753521745758896,0.6845892735913103,False,20,,
S9b_RF_importance_k25,LR_bal,0.495,0.685132382892057,0.7271440701953015,0.6890170309776049,0.6840461642905635,0.7210585904330598,0.686472648881703,0.6550527127796348,0.7526386132953418,0.6840461642905635,False,25,,
S9b_RF_importance_k25,RF_bal,0.47,0.6832993890020367,0.7703085196716671,0.7000192913638994,0.6854039375424305,0.7758279082932352,0.7029106295678933,0.6425222691045476,0.7529278634136715,0.6854039375424305,False,25,,
S9b_RF_importance_k25,XGB_bal,0.5,0.688662593346911,0.7487970563260685,0.6976529535864979,0.6894093686354379,0.7493631474667422,0.6983184965380811,0.6537844178293617,0.7584217783032275,0.6894093686354379,False,25,,
S9b_RF_importance_k25,LGBM_bal,0.5,0.6858112695179905,0.7417209170676479,0.6937127729980146,0.686490156143924,0.7374752335125955,0.6929521276595745,0.6534988713318285,0.7568212911428008,0.686490156143924,False,25,,
S9b_RF_importance_k25,CAT_bal,0.51,0.688662593346911,0.7387489385791113,0.6947956874750433,0.6887983706720978,0.7354939145202377,0.6939511283215383,0.656850353892821,0.7602393323138177,0.6887983706720978,False,25,,
S9b_RF_importance_k30,LR_bal,0.48,0.6906313645621182,0.7536088310217945,0.7003353718682186,0.6860149355057705,0.7451174639116898,0.6948201913559882,0.6508839164297193,0.7567815524901805,0.6860149355057705,False,30,,
S9b_RF_importance_k30,RF_bal,0.505,0.6883910386965377,0.731106708180017,0.6924004825090471,0.6890699253224711,0.731106708180017,0.6928648068669528,0.6584246749936273,0.7588496612907705,0.6890699253224711,False,30,,
S9b_RF_importance_k30,XGB_bal,0.495,0.6923964697895452,0.7654967449759411,0.7048016157404391,0.6909708078750849,0.7633739031984149,0.7032594524119948,0.6519216823785352,0.764431372381016,0.6909708078750849,False,30,,
S9b_RF_importance_k30,LGBM_bal,0.465,0.6910386965376782,0.7988961222756864,0.7127075310902089,0.6879158180583842,0.7988961222756864,0.7106439227040977,0.6399501190341231,0.7630101246405054,0.6879158180583842,False,30,,
S9b_RF_importance_k30,CAT_bal,0.485,0.6928716904276986,0.7892725728842344,0.7114427860696517,0.6921249151391717,0.7853099348995188,0.7099085268342609,0.6477179876269406,0.7651876809290512,0.6921249151391717,False,30,,
S10_robust_scaler,LR_bal,0.475,0.6857433808553971,0.7697424285309935,0.7014896498355582,0.6831636116768499,0.7625247664874045,0.6977918798160979,0.6431896860451235,0.7545151197448218,0.6831636116768499,False,29,,
S10_robust_scaler,RF_bal,0.485,0.6871690427698575,0.7596943107840363,0.6996871741397289,0.6864222674813306,0.7581375601471837,0.6987543207461032,0.6479980645941696,0.7562861304125078,0.6864222674813306,False,29,,
S10_robust_scaler,XGB_bal,0.51,0.6913102511880516,0.7454005094820266,0.6984947947748823,0.6947725729803123,0.748938579111237,0.7018567639257295,0.6603443973047167,0.7636439487634336,0.6947725729803123,False,29,,
S10_robust_scaler,LGBM_bal,0.52,0.6885268160217244,0.7178035663741863,0.6885691012761336,0.6916496945010183,0.7272855929804699,0.6935222672064777,0.6627547072478721,0.7621775333908092,0.6916496945010183,False,29,,
S10_robust_scaler,CAT_bal,0.505,0.6936184657162254,0.7571469006510048,0.7033458226516794,0.6945689069925323,0.7612510614208887,0.7051189617880317,0.6566963740691002,0.7656768615268978,0.6945689069925323,False,29,,
S11_minmax_scaler,LR_bal,0.485,0.690020366598778,0.7475233512595528,0.6982154659616656,0.6870332654446707,0.7401641664307954,0.6940942269409422,0.6534232883558221,0.7565096603334975,0.6870332654446707,False,29,,
S11_minmax_scaler,RF_bal,0.49,0.6839103869653768,0.748938579111237,0.694488188976378,0.6858791581805839,0.7540333993772997,0.6972453052411176,0.6484118291347207,0.757563565594186,0.6858791581805839,False,29,,
S11_minmax_scaler,XGB_bal,0.495,0.6922606924643585,0.7701669968864987,0.7059739248881105,0.694908350305499,0.7703085196716671,0.7078023407022107,0.6546788549434689,0.7643048439201634,0.694908350305499,False,29,,
S11_minmax_scaler,LGBM_bal,0.48,0.6908350305498981,0.7803566374186244,0.7077396996534463,0.6896809232858113,0.7786583639966035,0.7065168539325842,0.6466094723234223,0.7631011062118161,0.6896809232858113,False,29,,
S11_minmax_scaler,CAT_bal,0.49,0.6941615750169722,0.7813472969148033,0.7102334855599151,0.6930753564154786,0.7814888196999717,0.7095406360424028,0.6497234968819862,0.7647757986582813,0.6930753564154786,False,29,,
S12_no_outlier_clipping,LR_bal,0.485,0.6909708078750849,0.7451174639116898,0.6981832648189895,0.6868295994568907,0.7387489385791113,0.6935494585796851,0.6535620383122575,0.7566002725864751,0.6868295994568907,False,29,,
S12_no_outlier_clipping,RF_bal,0.495,0.6852681602172437,0.7455420322671951,0.6944371210123913,0.6897488119484046,0.7466742145485423,0.6977912974474276,0.6549155908639523,0.758649259930379,0.6897488119484046,False,29,,
S12_no_outlier_clipping,XGB_bal,0.515,0.6923285811269518,0.7381828474384375,0.6971398021919273,0.6902240325865581,0.734220209453722,0.6945578686659081,0.6589610059697701,0.7642303708783336,0.6902240325865581,False,29,,
S12_no_outlier_clipping,LGBM_bal,0.515,0.6852002715546504,0.7228983866402491,0.6878071770012792,0.6879837067209776,0.7279932069063119,0.6912120397742543,0.6579687899718598,0.7621486526971761,0.6879837067209776,False,29,,
S12_no_outlier_clipping,CAT_bal,0.525,0.6944331296673456,0.7295499575431644,0.6961042468435622,0.6938221317040054,0.729408434757996,0.6956404373059792,0.6648606811145511,0.7651484962539303,0.6938221317040054,False,29,,
S13_wide_IQR_3x_clipping,LR_bal,0.485,0.6898845892735913,0.7462496461930371,0.697763662829165,0.6867617107942974,0.7393150297197849,0.6936661797902005,0.6533266633316658,0.7562891772887543,0.6867617107942974,False,29,,
S13_wide_IQR_3x_clipping,RF_bal,0.5,0.6876442634080109,0.7388904613642796,0.6941434554277737,0.6866259334691106,0.7370506651570903,0.6929217668972858,0.6537785588752196,0.7561617255320695,0.6866259334691106,False,29,,
S13_wide_IQR_3x_clipping,XGB_bal,0.525,0.694908350305499,0.7255873195584489,0.6952807160292921,0.6928038017651053,0.7236060005660911,0.6932411361941563,0.6653220559531555,0.7640621186788212,0.6928038017651053,False,29,,
S13_wide_IQR_3x_clipping,LGBM_bal,0.505,0.6909029192124915,0.7461081234078687,0.6984169040206664,0.6911744738628649,0.7425700537786584,0.6976002127235259,0.6577660774727341,0.761675426651311,0.6911744738628649,False,29,,
S13_wide_IQR_3x_clipping,CAT_bal,0.515,0.6937542430414121,0.7405887347863006,0.698804834078921,0.6955872369314324,0.7418624398528163,0.7004275788348476,0.6633763604150847,0.7651503982433447,0.6955872369314324,False,29,,
S13b_wide_IQR_5x_clipping,LR_bal,0.485,0.6903598099117447,0.7470987829040475,0.6983266089027053,0.686286490156144,0.738324370223606,0.693058784456991,0.6530229064964326,0.7565458904619551,0.686286490156144,False,29,,
S13b_wide_IQR_5x_clipping,RF_bal,0.5,0.6873048200950441,0.7408717803566374,0.6944812947731493,0.688255261371351,0.7397395980752901,0.6948026053436129,0.6550125313283208,0.7585310780638501,0.688255261371351,False,29,,
S13b_wide_IQR_5x_clipping,XGB_bal,0.49,0.6946367956551256,0.7769600905745825,0.7093939785502003,0.6904276985743381,0.7748372487970563,0.7059961315280464,0.648389388915206,0.7641448552183498,0.6904276985743381,False,29,,
S13b_wide_IQR_5x_clipping,LGBM_bal,0.51,0.6924643584521385,0.7378998018681008,0.6971520256718813,0.6892735913102512,0.7391735069346165,0.6953338214737402,0.6564031670227473,0.7624166854772804,0.6892735913102512,False,29,,
S13b_wide_IQR_5x_clipping,CAT_bal,0.515,0.6967413441955194,0.7454005094820266,0.702219852009866,0.693550577053632,0.7424285309934899,0.6991869918699187,0.660705289672544,0.7657520732053937,0.693550577053632,False,29,,
S14_median_imputation,LR_bal,0.48,0.6896130346232179,0.7570053778658364,0.7005893909626719,0.6865580448065173,0.7483724879705632,0.6961100506812348,0.6506706041589763,0.7547976113376592,0.6865580448065173,False,29,,
S14_median_imputation,RF_bal,0.475,0.6889341479972845,0.7836116614774978,0.7073326520183955,0.6889341479972845,0.7831870931219926,0.7072204472843451,0.6446877912395154,0.7598454727776933,0.6889341479972845,False,29,,
S14_median_imputation,XGB_bal,0.495,0.6921249151391717,0.76648740447212,0.7048870957246046,0.6943652410047522,0.7741296348712142,0.7084574536977075,0.6530563514804203,0.7648275863215126,0.6943652410047522,False,29,,
S14_median_imputation,LGBM_bal,0.52,0.6899524779361846,0.7196433625813756,0.6900997489312615,0.6934826883910387,0.7277101613359751,0.6949118183661058,0.6649424544161386,0.7641173964002985,0.6934826883910387,False,29,,
S14_median_imputation,CAT_bal,0.51,0.6941615750169722,0.7465326917633739,0.7007638658253073,0.6940936863543788,0.7493631474667422,0.701510333863275,0.6594022415940224,0.7656228856525441,0.6940936863543788,False,29,,
S15_mean_imputation,LR_bal,0.485,0.6894093686354379,0.7504953297480894,0.6986364534615638,0.6873048200950441,0.7434191904896689,0.6952091053467443,0.6528709917971663,0.754306270227565,0.6873048200950441,False,29,,
S15_mean_imputation,RF_bal,0.49,0.6894772572980312,0.7581375601471837,0.7008110936682366,0.6901561439239647,0.7653552221907727,0.7032509752925877,0.6504690882848208,0.7600597882062771,0.6901561439239647,False,29,,
S15_mean_imputation,XGB_bal,0.495,0.693550577053632,0.7694593829606566,0.7066545360020795,0.693346911065852,0.7725728842343618,0.7073534175574991,0.6522882064762815,0.7652334210045814,0.693346911065852,False,29,,
S15_mean_imputation,LGBM_bal,0.49,0.6908350305498981,0.7681856778941409,0.7044776119402985,0.6930753564154786,0.770591565242004,0.7066381156316917,0.652486518873577,0.7646912801577964,0.6930753564154786,False,29,,
S15_mean_imputation,CAT_bal,0.495,0.6938221317040054,0.7707330880271723,0.7071808855992728,0.6932111337406653,0.7724313614491933,0.7072238419177195,0.6521687178874418,0.765765110142545,0.6932111337406653,False,29,,
S15b_MICE_imputation,LR_bal,0.495,0.6901561439239647,0.7322388904613643,0.6939377682403434,0.6879158180583842,0.726294933484291,0.6906668461072606,0.6583707504810776,0.7567610368567877,0.6879158180583842,False,29,,
S15b_MICE_imputation,RF_bal,0.505,0.685336048879837,0.7219077271440701,0.6876053110467075,0.6879158180583842,0.7277101613359751,0.6910825885357167,0.6579654510556622,0.7545314251492193,0.6879158180583842,False,29,,
S15b_MICE_imputation,XGB_bal,0.51,0.6928716904276986,0.7432776677045004,0.698961937716263,0.6916496945010183,0.7432776677045004,0.6981257477070317,0.6581453634085213,0.7636273848362028,0.6916496945010183,False,29,,
S15b_MICE_imputation,LGBM_bal,0.495,0.6900882552613713,0.7557316727993207,0.7005575598556903,0.6900882552613713,0.7570053778658364,0.7009106990761973,0.6525558131023546,0.7610859207283311,0.6900882552613713,False,29,,
S15b_MICE_imputation,CAT_bal,0.52,0.6940257976917855,0.7345032550240589,0.6972526365285148,0.6938221317040054,0.7336541183130484,0.6968678585831429,0.663594470046083,0.7654833756522902,0.6938221317040054,False,29,,
S16_medical_ratios,LR_bal,0.47,0.6905634758995248,0.7720067930936881,0.7053271269718128,0.6884589273591311,0.7663458816869516,0.7023801802970361,0.648270082605052,0.7569965880895133,0.6884589273591311,False,43,,
S16_medical_ratios,RF_bal,0.5,0.6889341479972845,0.7395980752901217,0.6952241585738992,0.6871690427698575,0.7371921879422587,0.693331558631705,0.6543969849246232,0.7580099975949989,0.6871690427698575,False,43,,
S16_medical_ratios,XGB_bal,0.52,0.6942973523421588,0.7330880271723748,0.6970329004911525,0.6934147997284453,0.7298330031135013,0.6954821308159137,0.6642194744976816,0.7636818962221394,0.6934147997284453,False,43,,
S16_medical_ratios,LGBM_bal,0.49,0.6889341479972845,0.7630908576280782,0.7018091891188338,0.6902919212491514,0.7629493348429097,0.7026850886339937,0.6512442618990094,0.7618850886688999,0.6902919212491514,False,43,,
S16_medical_ratios,CAT_bal,0.495,0.6930074677528852,0.7722898386640249,0.7070484581497798,0.6932790224032587,0.7739881120860459,0.7076863354037267,0.6518474374255065,0.7650434621200527,0.6932790224032587,False,43,,
S17_binning_indicators,LR_bal,0.47,0.6913102511880516,0.7704500424568356,0.7054097829608034,0.6872369314324508,0.7613925842060572,0.7002017309819744,0.6481146849777135,0.7564289273459248,0.6872369314324508,False,69,,
S17_binning_indicators,RF_bal,0.48,0.6868295994568907,0.7683272006793094,0.7018292288798397,0.6848608282416836,0.7686102462496462,0.7005933952528379,0.6436359326854705,0.756708778312682,0.6848608282416836,False,69,,
S17_binning_indicators,XGB_bal,0.495,0.6924643584521385,0.7696009057458251,0.7059587173828379,0.6922606924643585,0.7673365411831304,0.7052090784938545,0.6523884009144507,0.7649572539881948,0.6922606924643585,False,69,,
S17_binning_indicators,LGBM_bal,0.495,0.6923285811269518,0.7626662892725729,0.7039843239712607,0.6878479293957909,0.7560147183696575,0.6991231514199712,0.6501947419668939,0.7621029864853126,0.6878479293957909,False,69,,
S17_binning_indicators,CAT_bal,0.515,0.6937542430414121,0.7429946221341636,0.6994870428352542,0.6938900203665987,0.7451174639116898,0.7001795332136446,0.6603536937162925,0.7649928655084448,0.6938900203665987,False,69,,
S18_PCA_n10,LR_bal,0.475,0.6909029192124915,0.7618171525615625,0.7027873882107187,0.6866259334691106,0.7521936031701104,0.6972320608684245,0.6497555012224939,0.7568387045021973,0.6866259334691106,False,47,,
S18_PCA_n10,RF_bal,0.475,0.6868295994568907,0.7783753184262666,0.7045410875552425,0.6867617107942974,0.7796490234927823,0.7048362333674514,0.6431239785197291,0.7585258983742311,0.6867617107942974,False,47,,
S18_PCA_n10,XGB_bal,0.485,0.6911744738628649,0.7789414095669402,0.7075914379379058,0.6898845892735913,0.7795075007076139,0.7068788501026694,0.6466306644752289,0.7639832599817882,0.6898845892735913,False,47,,
S18_PCA_n10,LGBM_bal,0.48,0.6888662593346911,0.7816303424851401,0.7067630686544245,0.6879158180583842,0.778516841211435,0.7053016218988397,0.6446736200632838,0.7625653730381071,0.6879158180583842,False,47,,
S18_PCA_n10,CAT_bal,0.525,0.6928038017651053,0.7254457967732805,0.6937808756851864,0.693143245078072,0.7233229549957543,0.69339302672636,0.6658415841584159,0.7647613583114647,0.693143245078072,False,47,,
S18_PCA_n15,LR_bal,0.475,0.6909708078750849,0.7615341069912256,0.7027556484262766,0.6867617107942974,0.752052080384942,0.6972838210208634,0.6499510763209393,0.7568841860548943,0.6867617107942974,False,52,,
S18_PCA_n15,RF_bal,0.49,0.6863543788187373,0.755165581658647,0.6978812450954748,0.6876442634080109,0.7531842626662892,0.6981961298786488,0.6506907934955374,0.7581850175529617,0.6876442634080109,False,52,,
S18_PCA_n15,XGB_bal,0.515,0.6929395790902919,0.7363430512312482,0.6970326210730793,0.6934826883910387,0.7364845740164166,0.6974468940561549,0.6623393152602775,0.7652902498630569,0.6934826883910387,False,52,,
S18_PCA_n15,LGBM_bal,0.495,0.6910386965376782,0.7582790829323521,0.7019060719198271,0.6915139171758317,0.759977356354373,0.7026956294163832,0.6534436602579703,0.7630848008074186,0.6915139171758317,False,52,,
S18_PCA_n15,CAT_bal,0.485,0.6916496945010183,0.7889895273138975,0.7105531481009432,0.6925322471147318,0.7871497311067082,0.7106624928128793,0.647723302666822,0.7649575402099028,0.6925322471147318,False,52,,
S18_PCA_n20,LR_bal,0.47,0.6907671418873048,0.7687517690348146,0.7045852519618653,0.6870332654446707,0.7594112652136994,0.6995176639290835,0.6483808603189947,0.7568536803605964,0.6870332654446707,False,57,,
S18_PCA_n20,RF_bal,0.485,0.6871011541072641,0.7637984715539202,0.700772576770759,0.6892057026476578,0.7643645626945939,0.7023407022106632,0.6496271349530912,0.7581655914086511,0.6892057026476578,False,57,,
S18_PCA_n20,XGB_bal,0.485,0.6919212491513917,0.7795075007076139,0.7082422527967083,0.6914460285132383,0.7745542032267195,0.7066038344845395,0.6496142433234421,0.7646788341299776,0.6914460285132383,False,57,,
S18_PCA_n20,LGBM_bal,0.47,0.6902919212491514,0.7925275969431078,0.7105697246542317,0.6875084860828242,0.7887064817435607,0.7077274747603023,0.6418288609927444,0.7630993334838182,0.6875084860828242,False,57,,
S18_PCA_n20,CAT_bal,0.525,0.6928038017651053,0.7230399094254175,0.6930746795089194,0.6959266802443992,0.7275686385508067,0.6965652733554637,0.6680961663417804,0.7652363755512446,0.6959266802443992,False,57,,
S19a_SMOTE_baseline,LR_bal,0.48,0.6904276985743381,0.7500707613925842,0.6992084432717678,0.686693822131704,0.7428530993489952,0.6946337590154172,0.6522927799179818,0.7568676221276636,0.686693822131704,False,37,,
S19a_SMOTE_baseline,RF_bal,0.495,0.6871011541072641,0.759269742428531,0.6995240889236587,0.6892735913102512,0.7618171525615625,0.7016880662191227,0.6503564093270509,0.7584252775944317,0.6892735913102512,False,37,,
S19a_SMOTE_baseline,XGB_bal,0.53,0.6927359131025119,0.7349278233795641,0.6964860515021459,0.6929395790902919,0.7325219360317011,0.6959327731092437,0.6628249455756179,0.7646663788692004,0.6929395790902919,False,37,,
S19a_SMOTE_baseline,LGBM_bal,0.495,0.6905634758995248,0.7468157373337108,0.6983853890947591,0.6905634758995248,0.7455420322671951,0.6980257055783755,0.656203288490284,0.764193605238293,0.6905634758995248,False,37,,
S19a_SMOTE_baseline,CAT_bal,0.505,0.693346911065852,0.7418624398528163,0.6988867408839411,0.693550577053632,0.7437022360600056,0.6995473908413206,0.6603417944207087,0.7652505019774781,0.693550577053632,False,37,,
S19b_ADASYN_baseline,LR_bal,0.475,0.6908350305498981,0.7613925842060572,0.7026250489747943,0.6868295994568907,0.7523351259552788,0.6974089865529682,0.6499572074825773,0.7568393138774467,0.6868295994568907,False,37,,
S19b_ADASYN_baseline,RF_bal,0.49,0.686490156143924,0.7555901500141523,0.6980910041841004,0.6887304820095044,0.7555901500141523,0.6996003406931796,0.6513358545809442,0.7582974749853307,0.6887304820095044,False,37,,
S19b_ADASYN_baseline,XGB_bal,0.515,0.6923285811269518,0.7397395980752901,0.6975844121179767,0.6926680244399185,0.7378998018681008,0.6972918756268807,0.6609202687286094,0.7639343437685951,0.6926680244399185,False,37,,
S19b_ADASYN_baseline,LGBM_bal,0.49,0.6893414799728446,0.7643645626945939,0.7024320457796852,0.6890699253224711,0.7613925842060572,0.7014341590612777,0.6502296350012086,0.7615260373856516,0.6890699253224711,False,37,,
S19b_ADASYN_baseline,CAT_bal,0.52,0.6936863543788188,0.7346447778092273,0.6970592184772392,0.6938900203665987,0.7340786866685536,0.6970368877242491,0.6635537930152232,0.7653090389332431,0.6938900203665987,False,37,,
S19c_SMOTE_S2features,LR_bal,0.47,0.6919212491513917,0.7660628361166147,0.7046342098411872,0.6864222674813306,0.7561562411548259,0.698203201568115,0.6485010316786017,0.7569390667591637,0.6864222674813306,False,82,,
S19c_SMOTE_S2features,RF_bal,0.52,0.6870332654446707,0.7219077271440701,0.6887658655144477,0.6885268160217244,0.7176620435890179,0.6885268160217244,0.6616649269311065,0.7568799296611076,0.6885268160217244,False,82,,
S19c_SMOTE_S2features,XGB_bal,0.525,0.6928038017651053,0.7461081234078687,0.6997146459619086,0.6915139171758317,0.740730257571469,0.6973088196109779,0.6586961993455827,0.7642339255672876,0.6915139171758317,False,82,,
S19c_SMOTE_S2features,LGBM_bal,0.47,0.6913781398506449,0.7855929804698556,0.7094836400817995,0.6897488119484046,0.7814888196999717,0.7073139490201101,0.6459990641085634,0.7625867935014154,0.6897488119484046,False,82,,
S19c_SMOTE_S2features,CAT_bal,0.49,0.6925322471147318,0.7690348146051514,0.7058517893096058,0.6923285811269518,0.7670534956127937,0.7051782461618528,0.6525403322899109,0.7651178428322994,0.6923285811269518,False,82,,
S19d_SMOTE_S16features,LR_bal,0.485,0.6900882552613713,0.7463911689782055,0.6979421689935816,0.6864222674813306,0.7394565525049533,0.6934766739664211,0.6528801699362738,0.7569397869299128,0.6864222674813306,False,43,,
S19d_SMOTE_S16features,RF_bal,0.49,0.686490156143924,0.7632323804132465,0.7002077382498052,0.6896809232858113,0.7684687234644778,0.703778109001361,0.6491332934847579,0.7591339810093558,0.6896809232858113,False,43,,
S19d_SMOTE_S16features,XGB_bal,0.52,0.6928716904276986,0.7486555335409001,0.7004766949152542,0.6936863543788188,0.7466742145485423,0.700477960701009,0.6596649162290573,0.7641169716842158,0.6936863543788188,False,43,,
S19d_SMOTE_S16features,LGBM_bal,0.505,0.6892057026476578,0.7292669119728277,0.6924213920988982,0.6923964697895452,0.7318143221058591,0.6953539971760909,0.6623542974253874,0.7630001345796005,0.6923964697895452,False,43,,
S19d_SMOTE_S16features,CAT_bal,0.515,0.6939579090291921,0.7255873195584489,0.6946213250237095,0.6958587915818059,0.7272855929804699,0.6964358314134707,0.6680967238689548,0.7654385588725923,0.6958587915818059,False,43,,
S20_grand_mega_blend,grand_dirichlet_10k,0.525,,,,0.6963340122199593,0.7248797056326068,0.6960657742746483,0.6694549732061168,0.7662810478536105,0.6960657742746483,False,37,"['S1_highcol_interactions', 'S2_transform_copies', 'S3_domain_aggregates', 'S5_combined_top2_features', 'S6_lowcol_interactions', 'S7_pairwise_top20_products', 'S8_mutual_info_k15', 'S8_mutual_info_k20', 'S8_mutual_info_k25', 'S8_mutual_info_k30', 'S8_mutual_info_k35', 'S8_mutual_info_k37', 'S9a_L1_C0.01', 'S9a_L1_C0.05', 'S9a_L1_C0.1', 'S9a_L1_C0.5', 'S9b_RF_importance_k15', 'S9b_RF_importance_k20', 'S9b_RF_importance_k25', 'S9b_RF_importance_k30', 'S10_robust_scaler', 'S11_minmax_scaler', 'S12_no_outlier_clipping', 'S13_wide_IQR_3x_clipping', 'S13b_wide_IQR_5x_clipping', 'S14_median_imputation', 'S15_mean_imputation', 'S15b_MICE_imputation', 'S16_medical_ratios', 'S17_binning_indicators', 'S18_PCA_n10', 'S18_PCA_n15', 'S18_PCA_n20', 'S19a_SMOTE_baseline', 'S19b_ADASYN_baseline', 'S19c_SMOTE_S2features', 'S19d_SMOTE_S16features']","{'S1_highcol_interactions': 0.12547015484407564, 'S2_transform_copies': 0.0065216407437799105, 'S3_domain_aggregates': 0.026204429004606213, 'S5_combined_top2_features': 0.028238033232722635, 'S6_lowcol_interactions': 0.02490054314096002, 'S7_pairwise_top20_products': 0.007393525251854775, 'S8_mutual_info_k15': 0.013135642408626087, 'S8_mutual_info_k20': 0.004711213659170246, 'S8_mutual_info_k25': 0.003324614426682331, 'S8_mutual_info_k30': 0.023057532343538238, 'S8_mutual_info_k35': 0.008082743592776052, 'S8_mutual_info_k37': 0.05525394632137429, 'S9a_L1_C0.01': 0.013455650068441925, 'S9a_L1_C0.05': 0.023373751932524427, 'S9a_L1_C0.1': 0.03212629799595603, 'S9a_L1_C0.5': 0.0014222725502006418, 'S9b_RF_importance_k15': 0.0032196929661919282, 'S9b_RF_importance_k20': 0.008394368127846621, 'S9b_RF_importance_k25': 0.008803029220681973, 'S9b_RF_importance_k30': 0.003236103398293602, 'S10_robust_scaler': 0.011171067298320323, 'S11_minmax_scaler': 0.006471632739355389, 'S12_no_outlier_clipping': 0.030566131331280156, 'S13_wide_IQR_3x_clipping': 0.01471298756966102, 'S13b_wide_IQR_5x_clipping': 0.04016768666803626, 'S14_median_imputation': 0.1376752568259939, 'S15_mean_imputation': 0.0006893162164799882, 'S15b_MICE_imputation': 0.03390211120145162, 'S16_medical_ratios': 0.02372563906978141, 'S17_binning_indicators': 0.06778681997574096, 'S18_PCA_n10': 0.02017879768733017, 'S18_PCA_n15': 0.01959453833907276, 'S18_PCA_n20': 0.0073282182959689395, 'S19a_SMOTE_baseline': 0.025246069969616765, 'S19b_ADASYN_baseline': 0.0020648154010102153, 'S19c_SMOTE_S2features': 0.06584777398451278, 'S19d_SMOTE_S16features': 0.0725459521960839}"
